id,tipo,region,comuna,direccion,fecha_remate,fecha_sort,fecha_publicacion,precio_clp,precio_uf,metros2,url_ficha,url_maps,actualizado
AB4D715AFA,Inmueble,Atacama,Copiapó,522 Avenida Juan Martínez,27/03/2026,2026-03-27,07/03/2026,$500.000.000,12.549.7,,https://www.rematesinmobiliarios.cl/ficha-remate.php?id=42395,https://www.google.cl/maps/search/522+avenida+juan+mart%C3%ADnez+copiap%C3%B3+atacama+chile,2026-03-27
2DD187D427,Inmueble,Atacama,Copiapó,522 Avenida Juan Martínez,27/03/2026,2026-03-27,27/02/2026,$500.000.000,12.549.7,,https://www.rematesinmobiliarios.cl/ficha-remate.php?id=41859,https://www.google.cl/maps/search/522+avenida+juan+mart%C3%ADnez+copiap%C3%B3+atacama+chile,2026-03-27
9B43C8F43E,Parcela,O'Higgins,Peralillo,,27/03/2026,2026-03-27,12/03/2026,$360.726.933,9.054.0,96.500,https://www.rematesinmobiliarios.cl/ficha-remate.php?id=42772,,2026-03-27
75DA673050,Inmueble,O'Higgins,Codegua,La Isla,27/03/2026,2026-03-27,12/03/2026,$7.334.074,184.1,,https://www.rematesinmobiliarios.cl/ficha-remate.php?id=42780,https://www.google.cl/maps/search/la+isla+codegua+cachapoal+o%27higgins+chile,2026-03-27
D6CC39643E,Departamento,Antofagasta,Calama,1536 Calle Vivar,30/03/2026,2026-03-30,14/03/2026,$129.720.427,3.255.9,,https://www.rematesinmobiliarios.cl/ficha-remate.php?id=43000,https://www.google.cl/maps/search/1536+calle+vivar+calama+regi%C3%B3n+de+antofagasta+chile,2026-03-27
401B4D08AB,Departamento,Antofagasta,Antofagasta,355 Avenida Chango López,31/03/2026,2026-03-31,28/01/2026,$55.260.466,1.387.0,,https://www.rematesinmobiliarios.cl/ficha-remate.php?id=39681,https://www.google.cl/maps/search/355+avenida+chango+l%C3%B3pez+antofagasta+antofagasta+chile,2026-03-27
24103F5318,Sitio/Terreno,Coquimbo,Coquimbo,3493 Calle Ss Papa Fabián,31/03/2026,2026-03-31,13/03/2026,$37.258.989,935.2,,https://www.rematesinmobiliarios.cl/ficha-remate.php?id=42951,https://www.google.cl/maps/search/3493+calle+ss+papa+fabi%C3%A1n+coquimbo+coquimbo+chile,2026-03-27
C510D0F7EA,Inmueble,Valparaíso,Cartagena,256 Calle Ruiz Tagle,31/03/2026,2026-03-31,01/03/2026,$78.000.000,1.957.7,480,https://www.rematesinmobiliarios.cl/ficha-remate.php?id=41896,https://www.google.cl/maps/search/256+calle+ruiz+tagle+cartagena+san+antonio+chile,2026-03-27
8FF32DD0B9,Inmueble,Biobío,Concepción,1598 Las Heras,31/03/2026,2026-03-31,01/03/2026,$109.961.832,2.760.0,,https://www.rematesinmobiliarios.cl/ficha-remate.php?id=41889,https://www.google.cl/maps/search/1598+las+heras+concepci%C3%B3n+biob%C3%ADo+chile,2026-03-27
66BB930D86,Departamento,Coquimbo,Ovalle,851 Calle El Mirador,01/04/2026,2026-04-01,07/03/2026,$39.130.262,982.1,,https://www.rematesinmobiliarios.cl/ficha-remate.php?id=42405,https://www.google.cl/maps/search/851+calle+el+mirador+ovalle+chile,2026-03-27
3E1342941E,Sitio/Terreno,Valparaíso,Limache,,01/04/2026,2026-04-01,14/03/2026,$624.160.386,15.666.0,2.500,https://www.rematesinmobiliarios.cl/ficha-remate.php?id=43002,https://www.google.cl/maps/search/limache+valpara%C3%ADso+chile,2026-03-27
94F2A163AC,Departamento,Valparaíso,Viña del Mar,4401 Calle Pacífico,01/04/2026,2026-04-01,13/03/2026,$62.646.302,1.572.4,,https://www.rematesinmobiliarios.cl/ficha-remate.php?id=42969,https://www.google.cl/maps/search/4401+calle+pac%C3%ADfico+vi%C3%B1a+del+mar+valpara%C3%ADso+chile,2026-03-27
75386C836E,Sitio/Terreno,Los Lagos,Puerto Montt,1500 Avenida Los Notros,01/04/2026,2026-04-01,13/03/2026,$55.442.282,1.391.6,,https://www.rematesinmobiliarios.cl/ficha-remate.php?id=42966,https://www.google.cl/maps/search/1500+avenida+los+notros+puerto+montt+los+lagos+chile,2026-03-27
CBE8BC8EE1,Departamento,Valparaíso,Algarrobo,Parcela 5 Lote 1,02/04/2026,2026-04-02,11/03/2026,$116.524.498,2.924.7,24.834,https://www.rematesinmobiliarios.cl/ficha-remate.php?id=42758,https://www.google.cl/maps/search/parcela+5+lote+1+algarrobo+valpara%C3%ADso+chile,2026-03-27
0B8B1CB075,Inmueble,O'Higgins,Rancagua,149 Pasaje Las Loicas,02/04/2026,2026-04-02,22/03/2026,$24.701.866,620.0,,https://www.rematesinmobiliarios.cl/ficha-remate.php?id=43673,https://www.google.cl/maps/search/149+pasaje+las+loicas+rancagua+chile,2026-03-27
39C62988C0,Sitio/Terreno,Ñuble,Chillán Viejo,410 Panamericana Sur,02/04/2026,2026-04-02,11/03/2026,$504.332.617,12.658.4,10.000,https://www.rematesinmobiliarios.cl/ficha-remate.php?id=42751,https://www.google.cl/maps/search/410+panamericana+sur+chill%C3%A1n+viejo+chill%C3%A1n+chile,2026-03-27
23846D90EB,Departamento,Biobío,San Pedro de la Paz,50 Calle Tucapel,02/04/2026,2026-04-02,12/03/2026,$58.328.278,1.464.0,54,https://www.rematesinmobiliarios.cl/ficha-remate.php?id=42773,https://www.google.cl/maps/search/50+calle+tucapel+san+pedro+de+la+paz+concepci%C3%B3n+chile,2026-03-27
B8E2A73087,Departamento,Biobío,San Pedro de la Paz,50 Calle Tucapel,02/04/2026,2026-04-02,10/03/2026,$58.328.278,1.464.0,54,https://www.rematesinmobiliarios.cl/ficha-remate.php?id=42576,https://www.google.cl/maps/search/50+calle+tucapel+san+pedro+de+la+paz+concepci%C3%B3n+chile,2026-03-27
5E1C5CA119,Departamento,Biobío,Concepción,Avenida Ejército,02/04/2026,2026-04-02,09/03/2026,$61.095.385,1.533.5,,https://www.rematesinmobiliarios.cl/ficha-remate.php?id=42587,https://www.google.cl/maps/search/avenida+ej%C3%A9rcito+concepci%C3%B3n+biob%C3%ADo+chile,2026-03-27
38CB30D956,Sitio/Terreno,Metropolitana,Conchalí,1 Manzana I,06/04/2026,2026-04-06,27/03/2026,$121.488.318,3.049.3,,https://www.rematesinmobiliarios.cl/ficha-remate.php?id=44310,https://www.google.cl/maps/search/1+manzana+i+conchal%C3%AD+santiago+chile,2026-03-27
9DBF75B674,Inmueble,Valparaíso,Quilpué,066 Avenida Segunda,06/04/2026,2026-04-06,12/03/2026,$38.271.733,960.6,220,https://www.rematesinmobiliarios.cl/ficha-remate.php?id=42782,https://www.google.cl/maps/search/066+avenida+segunda+quilpu%C3%A9+valpara%C3%ADso+chile,2026-03-27
324B119D22,Departamento,Antofagasta,Calama,1580 Bartolomé Vivar,07/04/2026,2026-04-07,21/03/2026,$119.929.882,3.010.2,,https://www.rematesinmobiliarios.cl/ficha-remate.php?id=43659,https://www.google.cl/maps/search/1580+bartolom%C3%A9+vivar+calama+antofagasta+chile,2026-03-27
1932D93144,Departamento,Valparaíso,Viña del Mar,4065 Avenida Almirante Gómez Carreño,07/04/2026,2026-04-07,21/03/2026,$109.157.497,2.739.8,,https://www.rematesinmobiliarios.cl/ficha-remate.php?id=43650,https://www.google.cl/maps/search/4065+avenida+almirante+g%C3%B3mez+carre%C3%B1o+vi%C3%B1a+del+mar+chile,2026-03-27
ACD743F7C4,Departamento,O'Higgins,Rancagua,400 Avenida Membrillar,07/04/2026,2026-04-07,21/03/2026,$29.076.877,729.8,,https://www.rematesinmobiliarios.cl/ficha-remate.php?id=43656,https://www.google.cl/maps/search/400+avenida+membrillar+rancagua+chile,2026-03-27
E585C62937,Casa,O'Higgins,Machalí,1209 Avenida San Juan,07/04/2026,2026-04-07,20/03/2026,$35.281.475,885.5,,https://www.rematesinmobiliarios.cl/ficha-remate.php?id=43614,https://www.google.cl/maps/search/1209+avenida+san+juan+machal%C3%AD+rancagua+chile,2026-03-27
5678E2385C,Bodega,Los Lagos,Puerto Varas,2161 Calle Augusta Schwerter,07/04/2026,2026-04-07,17/03/2026,$11.315.048,284.0,5,https://www.rematesinmobiliarios.cl/ficha-remate.php?id=43202,https://www.google.cl/maps/search/2161+calle+augusta+schwerter+puerto+varas+chile,2026-03-27
FBED32FFED,Departamento,Los Lagos,Puerto Varas,2161 Calle Augusta Schwerter,07/04/2026,2026-04-07,17/03/2026,$204.985.649,5.145.0,59,https://www.rematesinmobiliarios.cl/ficha-remate.php?id=43203,https://www.google.cl/maps/search/2161+calle+augusta+schwerter+puerto+varas+chile,2026-03-27
21FDD252C0,Estacionamiento,Los Lagos,Puerto Varas,2161 Augusta Schwerter,07/04/2026,2026-04-07,17/03/2026,$25.817.435,648.0,12,https://www.rematesinmobiliarios.cl/ficha-remate.php?id=43200,https://www.google.cl/maps/search/2161+augusta+schwerter+puerto+varas+los+lagos+chile,2026-03-27
1DC352DFD7,Sitio/Terreno,Coquimbo,Vicuña,298 Calle Independencia,08/04/2026,2026-04-08,08/03/2026,$50.876.575,1.277.0,193,https://www.rematesinmobiliarios.cl/ficha-remate.php?id=42411,https://www.google.cl/maps/search/298+calle+independencia+vicu%C3%B1a+coquimbo+chile,2026-03-27
F281D0D859,Inmueble,Valparaíso,Quilpué,872 Thompson,08/04/2026,2026-04-08,20/03/2026,$61.842.504,1.552.2,,https://www.rematesinmobiliarios.cl/ficha-remate.php?id=43615,https://www.google.cl/maps/search/872+thompson+quilpu%C3%A9+valpara%C3%ADso+chile,2026-03-27
95600D0ACC,Sitio/Terreno,Valparaíso,El Tabo,5 Calle La Playa,08/04/2026,2026-04-08,17/03/2026,$54.261.982,1.361.9,,https://www.rematesinmobiliarios.cl/ficha-remate.php?id=43204,https://www.google.cl/maps/search/5+calle+la+playa+el+tabo+san+antonio+chile,2026-03-27
2DB771390B,Parcela,Maule,Curicó,,08/04/2026,2026-04-08,17/03/2026,$82.077.823,2.060.1,5.010,https://www.rematesinmobiliarios.cl/ficha-remate.php?id=43210,,2026-03-27
6C83CB24C0,Parcela,Coquimbo,Coquimbo,,09/04/2026,2026-04-09,16/03/2026,$27.608.489,693.0,,https://www.rematesinmobiliarios.cl/ficha-remate.php?id=43026,,2026-03-27
1B1B44F223,Sitio/Terreno,Coquimbo,Coquimbo,,09/04/2026,2026-04-09,16/03/2026,$63.708.764,1.599.0,,https://www.rematesinmobiliarios.cl/ficha-remate.php?id=43029,,2026-03-27
2B0A3A4C0D,Departamento,O'Higgins,Rancagua,2357 Flor Del Manzano,09/04/2026,2026-04-09,18/03/2026,$55.897.933,1.403.0,,https://www.rematesinmobiliarios.cl/ficha-remate.php?id=43384,https://www.google.cl/maps/search/2357+flor+del+manzano+rancagua+o%27higgins+chile,2026-03-27
CE8725F09F,Departamento,Biobío,San Pedro de la Paz,3750 Avenida Costanera Interior,09/04/2026,2026-04-09,20/03/2026,$49.980.955,1.254.5,,https://www.rematesinmobiliarios.cl/ficha-remate.php?id=43617,https://www.google.cl/maps/search/3750+avenida+costanera+interior+san+pedro+de+la+paz+concepci%C3%B3n+chile,2026-03-27
5D50CA9E55,Sitio/Terreno,Biobío,San Pedro de la Paz,3890 Calle Galvarino,09/04/2026,2026-04-09,14/03/2026,$61.993.716,1.556.0,,https://www.rematesinmobiliarios.cl/ficha-remate.php?id=42980,https://www.google.cl/maps/search/3890+calle+galvarino+san+pedro+de+la+paz+concepci%C3%B3n+chile,2026-03-27
51B46DF927,Departamento,Metropolitana,Santiago,317 Calle Angamos,13/04/2026,2026-04-13,27/03/2026,$77.912.311,1.955.5,,https://www.rematesinmobiliarios.cl/ficha-remate.php?id=44317,https://www.google.cl/maps/search/317+calle+angamos+santiago+regi%C3%B3n+metropolitana+chile,2026-03-27
23FA227D88,Departamento,Antofagasta,Antofagasta,350 Avenida Cerro Paranal,13/04/2026,2026-04-13,20/03/2026,$133.390.079,3.348.0,,https://www.rematesinmobiliarios.cl/ficha-remate.php?id=43608,https://www.google.cl/maps/search/350+avenida+cerro+paranal+antofagasta+chile,2026-03-27
AA8A78F841,Inmueble,Valparaíso,Valparaíso,,13/04/2026,2026-04-13,09/03/2026,$21.000.000,527.1,,https://www.rematesinmobiliarios.cl/ficha-remate.php?id=42592,,2026-03-27
99EC497D8C,Departamento,Araucanía,Pucón,865 Camino Al Volcán,13/04/2026,2026-04-13,24/03/2026,$37.025.280,929.3,,https://www.rematesinmobiliarios.cl/ficha-remate.php?id=43909,https://www.google.cl/maps/search/865+camino+al+volc%C3%A1n+puc%C3%B3n+regi%C3%B3n+de+la+araucan%C3%ADa+chile,2026-03-27
CC4BD00C38,Departamento,Metropolitana,La Cisterna,0256 Pedro Aguirre Cerda,14/04/2026,2026-04-14,27/03/2026,$28.116.257,705.7,,https://www.rematesinmobiliarios.cl/ficha-remate.php?id=44319,https://www.google.cl/maps/search/0256+pedro+aguirre+cerda+la+cisterna+santiago+chile,2026-03-27
600E0F92A2,Parcela,Maule,Curicó,,14/04/2026,2026-04-14,27/03/2026,$438.300.657,11.001.0,225.000,https://www.rematesinmobiliarios.cl/ficha-remate.php?id=44309,,2026-03-27
FB70E53D91,Sitio/Terreno,Metropolitana,Maipú,521 Calle Eugenio Retes,14/04/2026,2026-04-14,26/03/2026,$38.577.316,968.3,,https://www.rematesinmobiliarios.cl/ficha-remate.php?id=44350,https://www.google.cl/maps/search/521+calle+eugenio+retes+maip%C3%BA+santiago+chile,2026-03-27
5EB93D7DBC,Departamento,O'Higgins,Rancagua,01151 Pasaje El Abra,14/04/2026,2026-04-14,12/03/2026,$33.307.678,836.0,,https://www.rematesinmobiliarios.cl/ficha-remate.php?id=42774,https://www.google.cl/maps/search/01151+pasaje+el+abra+rancagua+o%27higgins+chile,2026-03-27
B0257AFA49,Departamento,Biobío,Chiguayante,615 Calle Coquimbo,14/04/2026,2026-04-14,16/03/2026,$45.260.194,1.136.0,10.682,https://www.rematesinmobiliarios.cl/ficha-remate.php?id=43028,https://www.google.cl/maps/search/615+calle+coquimbo+chiguayante+concepci%C3%B3n+chile,2026-03-27
7959A973CC,Sitio/Terreno,Metropolitana,La Florida,9215-A Calle Valenzuela,15/04/2026,2026-04-15,27/03/2026,$98.952.369,2.483.6,,https://www.rematesinmobiliarios.cl/ficha-remate.php?id=44307,https://www.google.cl/maps/search/9215-a+calle+valenzuela+la+florida+santiago+chile,2026-03-27
995490AE51,Sitio/Terreno,Metropolitana,Maipú,2620 Calle Antártica Chilena,15/04/2026,2026-04-15,27/03/2026,$82.043.303,2.059.2,,https://www.rematesinmobiliarios.cl/ficha-remate.php?id=44314,https://www.google.cl/maps/search/2620+calle+ant%C3%A1rtica+chilena+maip%C3%BA+santiago+chile,2026-03-27
28BFD4B924,Inmueble,Metropolitana,San Bernardo,0190 Calle Rancagua,15/04/2026,2026-04-15,27/03/2026,$93.548.359,2.348.0,,https://www.rematesinmobiliarios.cl/ficha-remate.php?id=44316,https://www.google.cl/maps/search/0190+calle+rancagua+san+bernardo+santiago+chile,2026-03-27
FDEB1C28F9,Departamento,Antofagasta,Antofagasta,155 Avenida Ascotan Norte,15/04/2026,2026-04-15,23/03/2026,$107.071.297,2.687.4,,https://www.rematesinmobiliarios.cl/ficha-remate.php?id=43690,https://www.google.cl/maps/search/155+avenida+ascotan+norte+antofagasta+antofagasta+chile,2026-03-27
031B0108E7,Departamento,Antofagasta,Antofagasta,Oficina Lastenia 11850,15/04/2026,2026-04-15,,$29.881.290,750.0,60,https://www.rematesinmobiliarios.cl/ficha-remate.php?id=44199,https://www.google.cl/maps/search/oficina+lastenia+11850+antofagasta+antofagasta,2026-03-27
ECBC3BA955,Parcela,Coquimbo,La Higuera,Fundo California,15/04/2026,2026-04-15,,$3.984.172,100.0,5.269,https://www.rematesinmobiliarios.cl/ficha-remate.php?id=44255,https://www.google.cl/maps/search/fundo+california+la+higuera+coquimbo,2026-03-27
EEF5B8827C,Departamento,Valparaíso,Viña del Mar,865 Avenida Jose Manuel Balmaceda Reñaca,15/04/2026,2026-04-15,24/03/2026,$69.849.830,1.753.2,,https://www.rematesinmobiliarios.cl/ficha-remate.php?id=43901,https://www.google.cl/maps/search/865+avenida+jose+manuel+balmaceda+re%C3%B1aca+vi%C3%B1a+del+mar+chile,2026-03-27
1259C3EAEC,Sitio/Terreno,Valparaíso,Los Andes,1835 Calle Doce,15/04/2026,2026-04-15,19/03/2026,$37.046.119,929.8,,https://www.rematesinmobiliarios.cl/ficha-remate.php?id=43404,https://www.google.cl/maps/search/1835+calle+doce+los+andes+los+andes+chile,2026-03-27
18D27879CB,Local Comercial,Valparaíso,Valparaíso,Condell 1481,15/04/2026,2026-04-15,,$851.815.974,21.380.0,711,https://www.rematesinmobiliarios.cl/ficha-remate.php?id=44242,https://www.google.cl/maps/search/condell+1481+valpara%C3%ADso+valpara%C3%ADso,2026-03-27
07F8E3C5FE,Local Comercial,Valparaíso,Valparaíso,Esmeralda 928-934,15/04/2026,2026-04-15,,$640.734.541,16.082.0,897,https://www.rematesinmobiliarios.cl/ficha-remate.php?id=44240,https://www.google.cl/maps/search/esmeralda+928-934+valpara%C3%ADso+valpara%C3%ADso,2026-03-27
61018D9805,Sitio/Terreno,Valparaíso,Cabildo,Peñablanca 5402,15/04/2026,2026-04-15,,$17.928.774,450.0,5.131,https://www.rematesinmobiliarios.cl/ficha-remate.php?id=44275,https://www.google.cl/maps/search/pe%C3%B1ablanca+5402+cabildo+valpara%C3%ADso,2026-03-27
50CA2A4FDC,Casa,Valparaíso,Quintero,Pasaje Los Claveles 1273,15/04/2026,2026-04-15,,$68.455.360,1.718.2,290,https://www.rematesinmobiliarios.cl/ficha-remate.php?id=44151,https://www.google.cl/maps/search/pasaje+los+claveles+1273+quintero+valpara%C3%ADso,2026-03-27
624737B13D,Casa,Valparaíso,Catemu,Camino Público Reinoso V 1-2767,15/04/2026,2026-04-15,,$29.881.290,750.0,75,https://www.rematesinmobiliarios.cl/ficha-remate.php?id=44150,https://www.google.cl/maps/search/camino+p%C3%BAblico+reinoso+v+1-2767+catemu+valpara%C3%ADso,2026-03-27
238FE55A11,Casa,Valparaíso,Calle Larga,La Palma,15/04/2026,2026-04-15,,$43.825.892,1.100.0,121,https://www.rematesinmobiliarios.cl/ficha-remate.php?id=44149,https://www.google.cl/maps/search/la+palma+calle+larga+valpara%C3%ADso,2026-03-27
C27A4BF481,Departamento,O'Higgins,Rancagua,0535 Calle La Cruz,15/04/2026,2026-04-15,16/03/2026,$39.668.540,995.7,,https://www.rematesinmobiliarios.cl/ficha-remate.php?id=43018,https://www.google.cl/maps/search/0535+calle+la+cruz+rancagua+chile,2026-03-27
3685634822,Sitio/Terreno,Maule,Colbún,Loteo El Oasis,15/04/2026,2026-04-15,,$7.000.000,175.7,7.240,https://www.rematesinmobiliarios.cl/ficha-remate.php?id=44287,https://www.google.cl/maps/search/loteo+el+oasis+colb%C3%BAn+maule,2026-03-27
E5504C4C8B,Sitio/Terreno,Maule,Colbún,Loteo El Oasis,15/04/2026,2026-04-15,,$7.000.000,175.7,10.000,https://www.rematesinmobiliarios.cl/ficha-remate.php?id=44286,https://www.google.cl/maps/search/loteo+el+oasis+colb%C3%BAn+maule,2026-03-27
5255C28DF5,Sitio/Terreno,Maule,Colbún,Loteo El Oasis,15/04/2026,2026-04-15,,$7.000.000,175.7,10.000,https://www.rematesinmobiliarios.cl/ficha-remate.php?id=44285,https://www.google.cl/maps/search/loteo+el+oasis+colb%C3%BAn+maule,2026-03-27
C26999CE54,Sitio/Terreno,Maule,Colbún,Loteo El Oasis,15/04/2026,2026-04-15,,$7.000.000,175.7,10.000,https://www.rematesinmobiliarios.cl/ficha-remate.php?id=44284,https://www.google.cl/maps/search/loteo+el+oasis+colb%C3%BAn+maule,2026-03-27
21E8FFF370,Sitio/Terreno,Maule,Colbún,Loteo El Oasis,15/04/2026,2026-04-15,,$7.000.000,175.7,10.000,https://www.rematesinmobiliarios.cl/ficha-remate.php?id=44283,https://www.google.cl/maps/search/loteo+el+oasis+colb%C3%BAn+maule,2026-03-27
AC89E9B088,Sitio/Terreno,Maule,Colbún,Loteo El Oasis,15/04/2026,2026-04-15,,$7.000.000,175.7,10.000,https://www.rematesinmobiliarios.cl/ficha-remate.php?id=44282,https://www.google.cl/maps/search/loteo+el+oasis+colb%C3%BAn+maule,2026-03-27
592BE58D46,Sitio/Terreno,Maule,Colbún,Loteo El Oasis,15/04/2026,2026-04-15,,$7.000.000,175.7,10.000,https://www.rematesinmobiliarios.cl/ficha-remate.php?id=44281,https://www.google.cl/maps/search/loteo+el+oasis+colb%C3%BAn+maule,2026-03-27
815B8B1BBA,Sitio/Terreno,Maule,Colbún,Loteo El Oasis,15/04/2026,2026-04-15,,$7.000.000,175.7,10.000,https://www.rematesinmobiliarios.cl/ficha-remate.php?id=44280,https://www.google.cl/maps/search/loteo+el+oasis+colb%C3%BAn+maule,2026-03-27
958FA82FBC,Sitio/Terreno,Maule,Colbún,Loteo El Oasis,15/04/2026,2026-04-15,,$7.000.000,175.7,10.000,https://www.rematesinmobiliarios.cl/ficha-remate.php?id=44279,https://www.google.cl/maps/search/loteo+el+oasis+colb%C3%BAn+maule,2026-03-27
DCE3A98D97,Sitio/Terreno,Maule,Colbún,Loteo El Oasis,15/04/2026,2026-04-15,,$7.000.000,175.7,10.000,https://www.rematesinmobiliarios.cl/ficha-remate.php?id=44278,https://www.google.cl/maps/search/loteo+el+oasis+colb%C3%BAn+maule,2026-03-27
725D688B5B,Parcela,Maule,Teno,La Laguna Lote F %2F Lote A-2,15/04/2026,2026-04-15,,$67.730.924,1.700.0,44.000,https://www.rematesinmobiliarios.cl/ficha-remate.php?id=44253,https://www.google.cl/maps/search/la+laguna+lote+f+%2F+lote+a-2+teno+maule,2026-03-27
74A74D7A58,Oficina,Maule,Linares,Maipú 1490,15/04/2026,2026-04-15,,$199.208.600,5.000.0,81,https://www.rematesinmobiliarios.cl/ficha-remate.php?id=44247,https://www.google.cl/maps/search/maip%C3%BA+1490+linares+maule,2026-03-27
8BA9EFFE02,Sitio/Terreno,Maule,Linares,Isla De Arriba,15/04/2026,2026-04-15,,$9.960.430,250.0,5.000,https://www.rematesinmobiliarios.cl/ficha-remate.php?id=44292,https://www.google.cl/maps/search/isla+de+arriba+linares+maule,2026-03-27
BF93419148,Parcela,Biobío,Mulchén,San Jorge,15/04/2026,2026-04-15,,$87.651.784,2.200.0,120.000,https://www.rematesinmobiliarios.cl/ficha-remate.php?id=44254,https://www.google.cl/maps/search/san+jorge+mulch%C3%A9n+biob%C3%ADo,2026-03-27
34C9996A23,Sitio/Terreno,Biobío,Coronel,Av Cordillera 3656,15/04/2026,2026-04-15,,$245.424.995,6.160.0,3.642,https://www.rematesinmobiliarios.cl/ficha-remate.php?id=44276,https://www.google.cl/maps/search/av+cordillera+3656+coronel+biob%C3%ADo,2026-03-27
624997EDA8,Parcela con Casa,Biobío,Los Ángeles,Los Avedules Los %C3%81Ngeles Biobío,15/04/2026,2026-04-15,,$69.723.010,1.750.0,187,https://www.rematesinmobiliarios.cl/ficha-remate.php?id=44267,https://www.google.cl/maps/search/los+avedules+los+%C3%81ngeles+biob%C3%ADo,2026-03-27
4F21AD6A1B,Local Comercial,Biobío,San Pedro De La Paz,Pedro Aguirre Cerda 1613,15/04/2026,2026-04-15,,$159.366.880,4.000.0,277,https://www.rematesinmobiliarios.cl/ficha-remate.php?id=44244,https://www.google.cl/maps/search/pedro+aguirre+cerda+1613+san+pedro+de+la+paz+biob%C3%ADo,2026-03-27
3AEB037B71,Parcela,Araucanía,Pucón,Llancalil,15/04/2026,2026-04-15,,$50.000.000,1.255.0,80.000,https://www.rematesinmobiliarios.cl/ficha-remate.php?id=44262,https://www.google.cl/maps/search/llancalil+puc%C3%B3n+araucan%C3%ADa,2026-03-27
F70C785671,Sitio/Terreno,Araucanía,Galvarino,Carrera 451,15/04/2026,2026-04-15,,$47.810.064,1.200.0,1.750,https://www.rematesinmobiliarios.cl/ficha-remate.php?id=44273,https://www.google.cl/maps/search/carrera+451+galvarino+araucan%C3%ADa,2026-03-27
7F8578A7E5,Sitio/Terreno,Araucanía,Lonquimay,,15/04/2026,2026-04-15,,$12.000.000,301.2,5.000,https://www.rematesinmobiliarios.cl/ficha-remate.php?id=44277,https://www.google.cl/maps/search/lonquimay+lonquimay+araucan%C3%ADa,2026-03-27
E92538EF00,Casa,Araucanía,Temuco,Chacance 01055,15/04/2026,2026-04-15,,$13.944.602,350.0,99,https://www.rematesinmobiliarios.cl/ficha-remate.php?id=44147,https://www.google.cl/maps/search/chacance+01055+temuco+araucan%C3%ADa,2026-03-27
25D110C0A1,Parcela,Araucanía,Victoria,Pehuenco Chico,15/04/2026,2026-04-15,,$149.406.450,3.750.0,830.000,https://www.rematesinmobiliarios.cl/ficha-remate.php?id=44252,https://www.google.cl/maps/search/pehuenco+chico+victoria+araucan%C3%ADa,2026-03-27
55802CECF0,Sitio/Terreno,Los Ríos,Futrono,Nontuela,15/04/2026,2026-04-15,,$25.000.000,627.5,5.001,https://www.rematesinmobiliarios.cl/ficha-remate.php?id=44293,https://www.google.cl/maps/search/nontuela+futrono+los+r%C3%ADos,2026-03-27
C17450B611,Parcela,Los Lagos,Maullín,Las Chilcas,15/04/2026,2026-04-15,,$8.000.000,200.8,5.000,https://www.rematesinmobiliarios.cl/ficha-remate.php?id=44263,https://www.google.cl/maps/search/las+chilcas+maull%C3%ADn+los+lagos,2026-03-27
47CF5DA096,Sitio/Terreno,Los Lagos,Osorno,Lomas De Huillinco Lote 106,15/04/2026,2026-04-15,,$19.920.860,500.0,5.044,https://www.rematesinmobiliarios.cl/ficha-remate.php?id=44274,https://www.google.cl/maps/search/lomas+de+huillinco+lote+106+osorno+los+lagos,2026-03-27
9AF55D494F,Sitio/Terreno,Los Lagos,Puerto Montt,Doctor Martín 459,15/04/2026,2026-04-15,,$105.580.558,2.650.0,625,https://www.rematesinmobiliarios.cl/ficha-remate.php?id=44271,https://www.google.cl/maps/search/doctor+mart%C3%ADn+459+puerto+montt+los+lagos,2026-03-27
5FBE91D378,Parcela,Los Lagos,Los Muermos,Ríos Del Chucao,15/04/2026,2026-04-15,,$29.990.000,752.7,5.010,https://www.rematesinmobiliarios.cl/ficha-remate.php?id=44261,https://www.google.cl/maps/search/r%C3%ADos+del+chucao+los+muermos+los+lagos,2026-03-27
1D1C2FBA30,Parcela,Los Lagos,Los Muermos,Ríos Del Chucao,15/04/2026,2026-04-15,,$34.500.000,865.9,5.150,https://www.rematesinmobiliarios.cl/ficha-remate.php?id=44260,https://www.google.cl/maps/search/r%C3%ADos+del+chucao+los+muermos+los+lagos,2026-03-27
A74A9E443C,Casa,Los Lagos,Fresia,Camino A La Naranja,15/04/2026,2026-04-15,,$15.538.271,390.0,96,https://www.rematesinmobiliarios.cl/ficha-remate.php?id=44148,https://www.google.cl/maps/search/camino+a+la+naranja+fresia+los+lagos,2026-03-27
B61730B294,Sitio/Terreno,Los Lagos,Ancud,Degan,15/04/2026,2026-04-15,,$5.800.000,145.6,5.000,https://www.rematesinmobiliarios.cl/ficha-remate.php?id=44294,https://www.google.cl/maps/search/degan+ancud+los+lagos,2026-03-27
AAC26090EC,Sitio/Terreno,Los Lagos,Purranque,Maipue,15/04/2026,2026-04-15,,$18.000.000,451.8,5.000,https://www.rematesinmobiliarios.cl/ficha-remate.php?id=44290,https://www.google.cl/maps/search/maipue+purranque+los+lagos,2026-03-27
DD289196F6,Sitio/Terreno,Los Lagos,Purranque,Maipue,15/04/2026,2026-04-15,,$18.000.000,451.8,5.000,https://www.rematesinmobiliarios.cl/ficha-remate.php?id=44289,https://www.google.cl/maps/search/maipue+purranque+los+lagos,2026-03-27
6599A6444F,Sitio/Terreno,Los Lagos,Purranque,Maipue,15/04/2026,2026-04-15,,$18.000.000,451.8,5.000,https://www.rematesinmobiliarios.cl/ficha-remate.php?id=44288,https://www.google.cl/maps/search/maipue+purranque+los+lagos,2026-03-27
C7893F2D92,Parcela,Aysén,Aysén,Costa Patagonia,15/04/2026,2026-04-15,,$5.450.000,136.8,5.060,https://www.rematesinmobiliarios.cl/ficha-remate.php?id=44256,https://www.google.cl/maps/search/costa+patagonia+ays%C3%A9n+ays%C3%A9n,2026-03-27
5CAE1357AB,Parcela,Aysén,Aysén,Costa Patagonia,15/04/2026,2026-04-15,,$5.000.000,125.5,5.050,https://www.rematesinmobiliarios.cl/ficha-remate.php?id=44257,https://www.google.cl/maps/search/costa+patagonia+ays%C3%A9n+ays%C3%A9n,2026-03-27
57A9C994AA,Parcela,Aysén,Aysén,Costa Patagonia,15/04/2026,2026-04-15,,$5.000.000,125.5,5.030,https://www.rematesinmobiliarios.cl/ficha-remate.php?id=44258,https://www.google.cl/maps/search/costa+patagonia+ays%C3%A9n+ays%C3%A9n,2026-03-27
520D2F8C03,Parcela,Aysén,Aysén,Costa Patagonia,15/04/2026,2026-04-15,,$4.950.000,124.2,10.020,https://www.rematesinmobiliarios.cl/ficha-remate.php?id=44259,https://www.google.cl/maps/search/costa+patagonia+ays%C3%A9n+ays%C3%A9n,2026-03-27
A2058AD7B8,Sitio/Terreno,Magallanes,Punta Arenas,Río Seco 16,15/04/2026,2026-04-15,,$130.880.050,3.285.0,10.125,https://www.rematesinmobiliarios.cl/ficha-remate.php?id=44272,https://www.google.cl/maps/search/r%C3%ADo+seco+16+punta+arenas+magallanes,2026-03-27
BFDC9EE90F,Sitio/Terreno,Metropolitana,La Florida,7672 Pasaje Los Viñedos,16/04/2026,2026-04-16,27/03/2026,$115.742.220,2.905.1,,https://www.rematesinmobiliarios.cl/ficha-remate.php?id=44327,https://www.google.cl/maps/search/7672+pasaje+los+vi%C3%B1edos+la+florida+santiago+chile,2026-03-27
8CF36FFEE7,Sitio/Terreno,Metropolitana,San Miguel,4915 Calle Monja Alférez,16/04/2026,2026-04-16,27/03/2026,$123.708.541,3.105.0,,https://www.rematesinmobiliarios.cl/ficha-remate.php?id=44308,https://www.google.cl/maps/search/4915+calle+monja+alf%C3%A9rez+san+miguel+regi%C3%B3n+metropolitana+chile,2026-03-27
FBDF236D19,Inmueble,Metropolitana,Santiago,1436 Calle Esperanza,16/04/2026,2026-04-16,27/03/2026,$181.757.927,4.562.0,,https://www.rematesinmobiliarios.cl/ficha-remate.php?id=44328,https://www.google.cl/maps/search/1436+calle+esperanza+santiago+regi%C3%B3n+metropolitana+chile,2026-03-27
8F041F8D2C,Sitio/Terreno,Valparaíso,Los Andes,41 Avenida Circunvalación Juan Pablo Ii,16/04/2026,2026-04-16,26/03/2026,$106.795.549,2.680.5,,https://www.rematesinmobiliarios.cl/ficha-remate.php?id=44342,https://www.google.cl/maps/search/41+avenida+circunvalaci%C3%B3n+juan+pablo+ii+los+andes+chile,2026-03-27
1B11D4520A,Sitio/Terreno,Metropolitana,San Ramón,1719 Calle Antártica Chilena,16/04/2026,2026-04-16,26/03/2026,$60.000.000,1.506.0,,https://www.rematesinmobiliarios.cl/ficha-remate.php?id=44347,https://www.google.cl/maps/search/1719+calle+ant%C3%A1rtica+chilena+san+ram%C3%B3n+santiago+chile,2026-03-27
8DBCC85B36,Departamento,Metropolitana,Santiago,1391 San Pablo,16/04/2026,2026-04-16,26/03/2026,$104.389.981,2.620.1,,https://www.rematesinmobiliarios.cl/ficha-remate.php?id=44336,https://www.google.cl/maps/search/1391+san+pablo+santiago+regi%C3%B3n+metropolitana+chile,2026-03-27
6648CB9E80,Departamento,Metropolitana,Las Condes,4152 Avenida Cristóbal Colón,16/04/2026,2026-04-16,26/03/2026,$166.805.675,4.186.7,,https://www.rematesinmobiliarios.cl/ficha-remate.php?id=44335,https://www.google.cl/maps/search/4152+avenida+crist%C3%B3bal+col%C3%B3n+las+condes+santiago+chile,2026-03-27
FF971861EB,Departamento,Metropolitana,Estación Central,4855 Calle La Coruña,16/04/2026,2026-04-16,26/03/2026,$20.628.248,517.8,,https://www.rematesinmobiliarios.cl/ficha-remate.php?id=44333,https://www.google.cl/maps/search/4855+calle+la+coru%C3%B1a+estaci%C3%B3n+central+santiago+chile,2026-03-27
FFC78C885A,Inmueble,O'Higgins,Rancagua,3968 Calle La Montura,16/04/2026,2026-04-16,20/03/2026,$43.539.961,1.092.8,,https://www.rematesinmobiliarios.cl/ficha-remate.php?id=43607,https://www.google.cl/maps/search/3968+calle+la+montura+rancagua+chile,2026-03-27
3B0FB6DFA7,Departamento,O'Higgins,Machalí,383 Pasaje Dulce Silencio,16/04/2026,2026-04-16,12/03/2026,$67.269.168,1.688.4,,https://www.rematesinmobiliarios.cl/ficha-remate.php?id=42768,https://www.google.cl/maps/search/383+pasaje+dulce+silencio+machal%C3%AD+o%27higgins+chile,2026-03-27
42D219F308,Sitio/Terreno,Ñuble,Chillán,1822 Calle San Antonio,16/04/2026,2026-04-16,15/03/2026,$31.996.596,803.1,,https://www.rematesinmobiliarios.cl/ficha-remate.php?id=43005,https://www.google.cl/maps/search/1822+calle+san+antonio+chill%C3%A1n+chill%C3%A1n+chile,2026-03-27
015377FB51,Departamento,Biobío,Concepción,1929 Calle Descanso Del Sol,16/04/2026,2026-04-16,19/03/2026,$89.843.079,2.255.0,,https://www.rematesinmobiliarios.cl/ficha-remate.php?id=43400,https://www.google.cl/maps/search/1929+calle+descanso+del+sol+concepci%C3%B3n+concepci%C3%B3n+chile,2026-03-27
B3B0D3EFFE,Departamento,Maule,Curicó,780 Calle Cloroformo Valenzuela,20/04/2026,2026-04-20,27/03/2026,$26.375.219,662.0,,https://www.rematesinmobiliarios.cl/ficha-remate.php?id=44330,https://www.google.cl/maps/search/780+calle+cloroformo+valenzuela+curic%C3%B3+chile,2026-03-27
FD23B868CE,Departamento,Metropolitana,Santiago,261 Enrique Mac Iver,20/04/2026,2026-04-20,26/03/2026,$59.523.530,1.494.0,,https://www.rematesinmobiliarios.cl/ficha-remate.php?id=44340,https://www.google.cl/maps/search/261+enrique+mac+iver+santiago+regi%C3%B3n+metropolitana+chile,2026-03-27
0B05361A01,Inmueble,Metropolitana,Puente Alto,3690B Calle Ñanduez,21/04/2026,2026-04-21,27/03/2026,$39.443.303,990.0,,https://www.rematesinmobiliarios.cl/ficha-remate.php?id=44315,https://www.google.cl/maps/search/3690b+calle+%C3%91anduez+puente+alto+santiago+chile,2026-03-27
7149A26A22,Sitio/Terreno,Metropolitana,Peñaflor,2712 Calle Padre Jose Gregorio Mesa,21/04/2026,2026-04-21,27/03/2026,$71.786.546,1.801.8,,https://www.rematesinmobiliarios.cl/ficha-remate.php?id=44311,https://www.google.cl/maps/search/2712+calle+padre+jose+gregorio+mesa+pe%C3%B1aflor+santiago+chile,2026-03-27
7E27C61C3D,Sitio/Terreno,Metropolitana,Las Condes,1296 Calle Tongoy,21/04/2026,2026-04-21,26/03/2026,$203.312.297,5.103.0,,https://www.rematesinmobiliarios.cl/ficha-remate.php?id=44343,https://www.google.cl/maps/search/1296+calle+tongoy+las+condes+santiago+chile,2026-03-27
D318E85E84,Parcela,Metropolitana,Paine,,21/04/2026,2026-04-21,26/03/2026,$105.999.015,2.660.5,,https://www.rematesinmobiliarios.cl/ficha-remate.php?id=44338,,2026-03-27
8B2FFF76B8,Parcela,O'Higgins,Las Cabras,,21/04/2026,2026-04-21,26/03/2026,$249.335.776,6.258.2,5.400,https://www.rematesinmobiliarios.cl/ficha-remate.php?id=44353,,2026-03-27
C1DEB9E91D,Departamento,Valparaíso,Algarrobo,788 Camino A Casablanca,22/04/2026,2026-04-22,27/03/2026,$106.023.224,2.661.1,,https://www.rematesinmobiliarios.cl/ficha-remate.php?id=44312,https://www.google.cl/maps/search/788+camino+a+casablanca+algarrobo+san+antonio+quinta+regi%C3%B3n+chile,2026-03-27
AE937D80CA,Departamento,Metropolitana,Ñuñoa,1305 Avenida Doctor Guillermo Mann,22/04/2026,2026-04-22,27/03/2026,$62.703.275,1.573.8,,https://www.rematesinmobiliarios.cl/ficha-remate.php?id=44322,https://www.google.cl/maps/search/1305+avenida+doctor+guillermo+mann+%C3%91u%C3%B1oa+santiago+chile,2026-03-27
1119708C0C,Departamento,Metropolitana,Santiago,1490 Calle Zenteno,23/04/2026,2026-04-23,27/03/2026,$69.284.751,1.739.0,,https://www.rematesinmobiliarios.cl/ficha-remate.php?id=44329,https://www.google.cl/maps/search/1490+calle+zenteno+santiago+regi%C3%B3n+metropolitana+chile,2026-03-27
13E7990F80,Departamento,Antofagasta,Antofagasta,70 Calle Oficina San Gregorio,23/04/2026,2026-04-23,27/03/2026,$70.000.000,1.757.0,,https://www.rematesinmobiliarios.cl/ficha-remate.php?id=44325,https://www.google.cl/maps/search/70+calle+oficina+san+gregorio+antofagasta+antofagasta+chile,2026-03-27
B6E82018F3,Departamento,Metropolitana,Santiago,1490 Calle Zenteno,23/04/2026,2026-04-23,27/03/2026,$67.531.715,1.695.0,,https://www.rematesinmobiliarios.cl/ficha-remate.php?id=44324,https://www.google.cl/maps/search/1490+calle+zenteno+santiago+regi%C3%B3n+metropolitana+chile,2026-03-27
4AB1A97A30,Departamento,Metropolitana,La Cisterna,797 Avenida Fernández Albano,23/04/2026,2026-04-23,27/03/2026,$75.545.111,1.896.1,,https://www.rematesinmobiliarios.cl/ficha-remate.php?id=44320,https://www.google.cl/maps/search/797+avenida+fern%C3%A1ndez+albano+la+cisterna+santiago+chile,2026-03-27
BFF743ADB1,Sitio/Terreno,O'Higgins,Las Cabras,,23/04/2026,2026-04-23,26/03/2026,$142.409.150,3.574.4,,https://www.rematesinmobiliarios.cl/ficha-remate.php?id=44351,,2026-03-27
4A14504782,Departamento,Valparaíso,Concón,665 Calle Circunvalación,24/04/2026,2026-04-24,14/03/2026,$26.357.405,661.6,,https://www.rematesinmobiliarios.cl/ficha-remate.php?id=42994,https://www.google.cl/maps/search/665+calle+circunvalaci%C3%B3n+conc%C3%B3n+valpara%C3%ADso+chile,2026-03-27
C6C9FCF23A,Sitio/Terreno,Metropolitana,Las Condes,345 Calle Cardenal Newman,27/04/2026,2026-04-27,27/03/2026,$1.955.624.110,49.084.8,,https://www.rematesinmobiliarios.cl/ficha-remate.php?id=44323,https://www.google.cl/maps/search/345+calle+cardenal+newman+las+condes+santiago+chile,2026-03-27
F02E7E30E6,Departamento,Araucanía,Temuco,04151 Avenida Luis Durand,28/04/2026,2026-04-28,19/03/2026,$47.765.070,1.198.9,,https://www.rematesinmobiliarios.cl/ficha-remate.php?id=43409,https://www.google.cl/maps/search/04151+avenida+luis+durand+temuco+chile,2026-03-27
4F13EDD4FB,Departamento,Metropolitana,Quinta Normal,3550 Martínez De Rozas,29/04/2026,2026-04-29,27/03/2026,$34.163.597,857.5,,https://www.rematesinmobiliarios.cl/ficha-remate.php?id=44321,https://www.google.cl/maps/search/3550+mart%C3%ADnez+de+rozas+quinta+normal+santiago+chile,2026-03-27
34BC43FEC5,Casa,Arica y Parinacota,Arica,Luis Ferrada 143,29/04/2026,2026-04-29,,$32.072.585,805.0,52,https://www.rematesinmobiliarios.cl/ficha-remate.php?id=44153,https://www.google.cl/maps/search/luis+ferrada+143+arica+arica+y+parinacota,2026-03-27
FC8F7C57B7,Casa,Arica y Parinacota,Arica,Pasaje Agustín Marin 3315,29/04/2026,2026-04-29,,$69.842.535,1.753.0,73,https://www.rematesinmobiliarios.cl/ficha-remate.php?id=44172,https://www.google.cl/maps/search/pasaje+agust%C3%ADn+marin+3315+arica+arica+y+parinacota,2026-03-27
A0932EAD42,Casa,Arica y Parinacota,Arica,Tribunales 2889,29/04/2026,2026-04-29,,$59.762.580,1.500.0,83,https://www.rematesinmobiliarios.cl/ficha-remate.php?id=44184,https://www.google.cl/maps/search/tribunales+2889+arica+arica+y+parinacota,2026-03-27
F4206F6E46,Casa,Tarapacá,Alto Hospicio,Las Avellanas 2862,29/04/2026,2026-04-29,,$34.542.771,867.0,97,https://www.rematesinmobiliarios.cl/ficha-remate.php?id=44159,https://www.google.cl/maps/search/las+avellanas+2862+alto+hospicio+tarapac%C3%A1,2026-03-27
87EA906719,Casa,Tarapacá,Alto Hospicio,Ovalle 4409,29/04/2026,2026-04-29,,$31.594.484,793.0,30,https://www.rematesinmobiliarios.cl/ficha-remate.php?id=44162,https://www.google.cl/maps/search/ovalle+4409+alto+hospicio+tarapac%C3%A1,2026-03-27
568E6DABB8,Casa,Antofagasta,Antofagasta,Río Toltén 1289,29/04/2026,2026-04-29,,$33.865.462,850.0,63,https://www.rematesinmobiliarios.cl/ficha-remate.php?id=44158,https://www.google.cl/maps/search/r%C3%ADo+tolt%C3%A9n+1289+antofagasta+antofagasta,2026-03-27
A88EAD5178,Casa,Antofagasta,Antofagasta,Pasaje Río Imperial 9383,29/04/2026,2026-04-29,,$58.766.537,1.475.0,67,https://www.rematesinmobiliarios.cl/ficha-remate.php?id=44167,https://www.google.cl/maps/search/pasaje+r%C3%ADo+imperial+9383+antofagasta+antofagasta,2026-03-27
4C59444D94,Casa,Antofagasta,Antofagasta,Francisco Miranda 941,29/04/2026,2026-04-29,,$72.193.197,1.812.0,120,https://www.rematesinmobiliarios.cl/ficha-remate.php?id=44168,https://www.google.cl/maps/search/francisco+miranda+941+antofagasta+antofagasta,2026-03-27
83D8849732,Casa,Antofagasta,Antofagasta,Eduardo Lefort 1315,29/04/2026,2026-04-29,,$91.078.172,2.286.0,75,https://www.rematesinmobiliarios.cl/ficha-remate.php?id=44177,https://www.google.cl/maps/search/eduardo+lefort+1315+antofagasta+antofagasta,2026-03-27
14AD575BFC,Departamento,Antofagasta,Antofagasta,Av Argentina 351,29/04/2026,2026-04-29,,$70.519.844,1.770.0,68,https://www.rematesinmobiliarios.cl/ficha-remate.php?id=44205,https://www.google.cl/maps/search/av+argentina+351+antofagasta+antofagasta,2026-03-27
3C134D83AE,Departamento,Antofagasta,Antofagasta,Antilhue 1302,29/04/2026,2026-04-29,,$61.435.932,1.542.0,45,https://www.rematesinmobiliarios.cl/ficha-remate.php?id=44211,https://www.google.cl/maps/search/antilhue+1302+antofagasta+antofagasta,2026-03-27
351D46DBE1,Sitio/Terreno,Atacama,Vallenar,Av Matta 870,29/04/2026,2026-04-29,,$35.857.548,900.0,400,https://www.rematesinmobiliarios.cl/ficha-remate.php?id=44306,https://www.google.cl/maps/search/av+matta+870+vallenar+atacama,2026-03-27
855453CD50,Casa,Atacama,Vallenar,Pasaje Los Salares 405,29/04/2026,2026-04-29,,$110.441.248,2.772.0,139,https://www.rematesinmobiliarios.cl/ficha-remate.php?id=44169,https://www.google.cl/maps/search/pasaje+los+salares+405+vallenar+atacama,2026-03-27
E35C16FC0D,Casa,Atacama,Vallenar,Maitén 2530,29/04/2026,2026-04-29,,$95.221.711,2.390.0,90,https://www.rematesinmobiliarios.cl/ficha-remate.php?id=44174,https://www.google.cl/maps/search/mait%C3%A9n+2530+vallenar+atacama,2026-03-27
04E62D45A4,Departamento,Atacama,Copiapó,Julio Prado 1898,29/04/2026,2026-04-29,,$34.901.347,876.0,57,https://www.rematesinmobiliarios.cl/ficha-remate.php?id=44208,https://www.google.cl/maps/search/julio+prado+1898+copiap%C3%B3+atacama,2026-03-27
A2E56A867C,Casa,Coquimbo,La Serena,Pasaje Julio Fossa Calderón 3964,29/04/2026,2026-04-29,,$60.718.781,1.524.0,50,https://www.rematesinmobiliarios.cl/ficha-remate.php?id=44183,https://www.google.cl/maps/search/pasaje+julio+fossa+calder%C3%B3n+3964+la+serena+coquimbo,2026-03-27
9E51CA03BC,Departamento,Coquimbo,La Serena,El Arándano 5506,29/04/2026,2026-04-29,,$27.889.204,700.0,59,https://www.rematesinmobiliarios.cl/ficha-remate.php?id=44224,https://www.google.cl/maps/search/el+ar%C3%A1ndano+5506+la+serena+coquimbo,2026-03-27
04C16FA66D,Departamento,Coquimbo,La Serena,El Arándano 5113,29/04/2026,2026-04-29,,$23.905.032,600.0,49,https://www.rematesinmobiliarios.cl/ficha-remate.php?id=44223,https://www.google.cl/maps/search/el+ar%C3%A1ndano+5113+la+serena+coquimbo,2026-03-27
2C0D7E2313,Departamento,Coquimbo,Coquimbo,Av Videla 810,29/04/2026,2026-04-29,,$29.881.290,750.0,33,https://www.rematesinmobiliarios.cl/ficha-remate.php?id=44221,https://www.google.cl/maps/search/av+videla+810+coquimbo+coquimbo,2026-03-27
0A13B2164F,Departamento,Coquimbo,La Serena,Rengifo 120,29/04/2026,2026-04-29,,$50.320.092,1.263.0,36,https://www.rematesinmobiliarios.cl/ficha-remate.php?id=44210,https://www.google.cl/maps/search/rengifo+120+la+serena+coquimbo,2026-03-27
C03AFD685F,Casa,Coquimbo,La Serena,Océano %C3%8Dndico 399,29/04/2026,2026-04-29,,$24.701.866,620.0,55,https://www.rematesinmobiliarios.cl/ficha-remate.php?id=44193,https://www.google.cl/maps/search/oc%C3%A9ano+%C3%8Dndico+399+la+serena+coquimbo,2026-03-27
A95579913A,Casa,Coquimbo,Coquimbo,Pasaje Tres 3225,29/04/2026,2026-04-29,,$84.305.080,2.116.0,57,https://www.rematesinmobiliarios.cl/ficha-remate.php?id=44171,https://www.google.cl/maps/search/pasaje+tres+3225+coquimbo+coquimbo,2026-03-27
3144926EC2,Casa,Coquimbo,La Serena,Av Costanera Sur 1200,29/04/2026,2026-04-29,,$75.261.009,1.889.0,70,https://www.rematesinmobiliarios.cl/ficha-remate.php?id=44181,https://www.google.cl/maps/search/av+costanera+sur+1200+la+serena+coquimbo,2026-03-27
389D15DEE7,Casa,Coquimbo,Ovalle,Pasaje Humberto Larrondo 851,29/04/2026,2026-04-29,,$66.296.622,1.664.0,66,https://www.rematesinmobiliarios.cl/ficha-remate.php?id=44175,https://www.google.cl/maps/search/pasaje+humberto+larrondo+851+ovalle+coquimbo,2026-03-27
00CCF0E07C,Casa,Coquimbo,Coquimbo,Francisco Cabello Cárdenas 237,29/04/2026,2026-04-29,,$36.455.174,915.0,53,https://www.rematesinmobiliarios.cl/ficha-remate.php?id=44157,https://www.google.cl/maps/search/francisco+cabello+c%C3%A1rdenas+237+coquimbo+coquimbo,2026-03-27
69EDE44521,Casa,Coquimbo,Coquimbo,Osorno 751,29/04/2026,2026-04-29,,$41.833.806,1.050.0,80,https://www.rematesinmobiliarios.cl/ficha-remate.php?id=44156,https://www.google.cl/maps/search/osorno+751+coquimbo+coquimbo,2026-03-27
A08C5C4EA9,Casa,Coquimbo,Coquimbo,Pasaje Eduardo Sepúlveda Whittle 1346,29/04/2026,2026-04-29,,$22.550.414,566.0,49,https://www.rematesinmobiliarios.cl/ficha-remate.php?id=44154,https://www.google.cl/maps/search/pasaje+eduardo+sep%C3%BAlveda+whittle+1346+coquimbo+coquimbo,2026-03-27
49F7CBB86F,Casa,Coquimbo,Coquimbo,Pasaje O%C2%B4Higgins 338,29/04/2026,2026-04-29,,$37.769.951,948.0,73,https://www.rematesinmobiliarios.cl/ficha-remate.php?id=44152,https://www.google.cl/maps/search/pasaje+o%C2%B4higgins+338+coquimbo+coquimbo,2026-03-27
B972BB6E18,Departamento,Coquimbo,La Serena,José Luis Daire 1200,29/04/2026,2026-04-29,,$85.659.698,2.150.0,77,https://www.rematesinmobiliarios.cl/ficha-remate.php?id=44225,https://www.google.cl/maps/search/jos%C3%A9+luis+daire+1200+la+serena+coquimbo,2026-03-27
ED4C335EF0,Sitio/Terreno,Valparaíso,Putaendo,San Martin 2994,29/04/2026,2026-04-29,,$31.554.642,792.0,5.270,https://www.rematesinmobiliarios.cl/ficha-remate.php?id=44295,https://www.google.cl/maps/search/san+martin+2994+putaendo+valpara%C3%ADso,2026-03-27
6FAE579053,Departamento,Valparaíso,Viña del Mar,Sendero Norte 55,29/04/2026,2026-04-29,,$25.897.118,650.0,50,https://www.rematesinmobiliarios.cl/ficha-remate.php?id=44214,https://www.google.cl/maps/search/sendero+norte+55+vi%C3%B1a+del+mar+valpara%C3%ADso,2026-03-27
EEBD1BFA34,Departamento,Valparaíso,Algarrobo,El Yeco 630,29/04/2026,2026-04-29,,$45.817.978,1.150.0,60,https://www.rematesinmobiliarios.cl/ficha-remate.php?id=44219,https://www.google.cl/maps/search/el+yeco+630+algarrobo+valpara%C3%ADso,2026-03-27
CDDBE9C78A,Departamento,Valparaíso,Viña del Mar,Lago Zenteno 1530,29/04/2026,2026-04-29,,$21.912.946,550.0,52,https://www.rematesinmobiliarios.cl/ficha-remate.php?id=44234,https://www.google.cl/maps/search/lago+zenteno+1530+vi%C3%B1a+del+mar+valpara%C3%ADso,2026-03-27
EF619C0C7C,Departamento,O'Higgins,Las Cabras,Ruta H-790,29/04/2026,2026-04-29,,$107.572.644,2.700.0,94,https://www.rematesinmobiliarios.cl/ficha-remate.php?id=44215,https://www.google.cl/maps/search/ruta+h-790+las+cabras+o%27higgins,2026-03-27
5CC25A9029,Casa,Maule,Talca,24 1%2F2 Norte A 4335,29/04/2026,2026-04-29,,$53.786.322,1.350.0,97,https://www.rematesinmobiliarios.cl/ficha-remate.php?id=44190,https://www.google.cl/maps/search/24+1%2F2+norte+a+4335+talca+maule,2026-03-27
C3F87DA888,Industrial,Maule,Linares,Panamericana Sur Km 301,29/04/2026,2026-04-29,,$577.704.940,14.500.0,2.081,https://www.rematesinmobiliarios.cl/ficha-remate.php?id=44239,https://www.google.cl/maps/search/panamericana+sur+km+301+linares+maule,2026-03-27
CD291A9628,Casa,Biobío,Los Ángeles,Pasaje Del Zócalo 107 Los %C3%81Ngeles Biobío,29/04/2026,2026-04-29,,$62.949.918,1.580.0,59,https://www.rematesinmobiliarios.cl/ficha-remate.php?id=44180,https://www.google.cl/maps/search/pasaje+del+z%C3%B3calo+107+los+%C3%81ngeles+biob%C3%ADo,2026-03-27
38CFF21D76,Casa,Biobío,Chillán,Pasaje Brisas De Florencia 1076,29/04/2026,2026-04-29,,$46.893.704,1.177.0,51,https://www.rematesinmobiliarios.cl/ficha-remate.php?id=44176,https://www.google.cl/maps/search/pasaje+brisas+de+florencia+1076+chill%C3%A1n+biob%C3%ADo,2026-03-27
E8F7B79FA3,Casa,Biobío,Los Ángeles,Allipen Sur 581 Los %C3%81Ngeles Biobío,29/04/2026,2026-04-29,,$61.196.882,1.536.0,76,https://www.rematesinmobiliarios.cl/ficha-remate.php?id=44161,https://www.google.cl/maps/search/allipen+sur+581+los+%C3%81ngeles+biob%C3%ADo,2026-03-27
E569C07D85,Casa,Biobío,Los Ángeles,Pasaje Parinacota Dos 1874 Los %C3%81Ngeles Biobío,29/04/2026,2026-04-29,,$10.119.797,254.0,46,https://www.rematesinmobiliarios.cl/ficha-remate.php?id=44155,https://www.google.cl/maps/search/pasaje+parinacota+dos+1874+los+%C3%81ngeles+biob%C3%ADo,2026-03-27
112F5E3935,Departamento,Biobío,Los Ángeles,Costanera Quilque Norte 896 Los %C3%81Ngeles Biobío,29/04/2026,2026-04-29,,$112.393.492,2.821.0,80,https://www.rematesinmobiliarios.cl/ficha-remate.php?id=44213,https://www.google.cl/maps/search/costanera+quilque+norte+896+los+%C3%81ngeles+biob%C3%ADo,2026-03-27
8F9D9FA21D,Sitio/Terreno,Araucanía,Temuco,Antifil 100,29/04/2026,2026-04-29,,$275.505.494,6.915.0,730,https://www.rematesinmobiliarios.cl/ficha-remate.php?id=44296,https://www.google.cl/maps/search/antifil+100+temuco+araucan%C3%ADa,2026-03-27
AF75551607,Sitio/Terreno,Araucanía,Temuco,Santa Ema,29/04/2026,2026-04-29,,$19.920.860,500.0,5.809,https://www.rematesinmobiliarios.cl/ficha-remate.php?id=44300,https://www.google.cl/maps/search/santa+ema+temuco+araucan%C3%ADa,2026-03-27
80AF583F01,Sitio/Terreno,Araucanía,Temuco,Santa Ema,29/04/2026,2026-04-29,,$19.920.860,500.0,7.197,https://www.rematesinmobiliarios.cl/ficha-remate.php?id=44301,https://www.google.cl/maps/search/santa+ema+temuco+araucan%C3%ADa,2026-03-27
A4EFC68CAB,Sitio/Terreno,Araucanía,Temuco,Santa Ema,29/04/2026,2026-04-29,,$19.920.860,500.0,5.147,https://www.rematesinmobiliarios.cl/ficha-remate.php?id=44302,https://www.google.cl/maps/search/santa+ema+temuco+araucan%C3%ADa,2026-03-27
F45A1288E6,Sitio/Terreno,Araucanía,Temuco,Santa Ema,29/04/2026,2026-04-29,,$19.920.860,500.0,5.074,https://www.rematesinmobiliarios.cl/ficha-remate.php?id=44303,https://www.google.cl/maps/search/santa+ema+temuco+araucan%C3%ADa,2026-03-27
AC34B42D41,Casa,Araucanía,Pitrufquén,Cristóbal Colon 425,29/04/2026,2026-04-29,,$52.909.804,1.328.0,147,https://www.rematesinmobiliarios.cl/ficha-remate.php?id=44173,https://www.google.cl/maps/search/crist%C3%B3bal+colon+425+pitrufqu%C3%A9n+araucan%C3%ADa,2026-03-27
6EC9732782,Parcela con Casa,Araucanía,Pucón,Camino De Ricardo,29/04/2026,2026-04-29,,$79.683.440,2.000.0,140,https://www.rematesinmobiliarios.cl/ficha-remate.php?id=44269,https://www.google.cl/maps/search/camino+de+ricardo+puc%C3%B3n+araucan%C3%ADa,2026-03-27
36CB19F2BC,Sitio/Terreno,Araucanía,Temuco,Santa Ema,29/04/2026,2026-04-29,,$19.920.860,500.0,5.842,https://www.rematesinmobiliarios.cl/ficha-remate.php?id=44299,https://www.google.cl/maps/search/santa+ema+temuco+araucan%C3%ADa,2026-03-27
F0159D5855,Sitio/Terreno,Los Ríos,Futrono,Nontuela,29/04/2026,2026-04-29,,$25.000.000,627.5,6.037,https://www.rematesinmobiliarios.cl/ficha-remate.php?id=44298,https://www.google.cl/maps/search/nontuela+futrono+los+r%C3%ADos,2026-03-27
0019CDFA70,Casa,Los Lagos,Osorno,Pasaje Recadero Montalva 1269,29/04/2026,2026-04-29,,$34.502.930,866.0,109,https://www.rematesinmobiliarios.cl/ficha-remate.php?id=44163,https://www.google.cl/maps/search/pasaje+recadero+montalva+1269+osorno+los+lagos,2026-03-27
233D3D8296,Casa,Los Lagos,Puerto Montt,Pasaje Los Cóndores 1228,29/04/2026,2026-04-29,,$23.905.032,600.0,44,https://www.rematesinmobiliarios.cl/ficha-remate.php?id=44194,https://www.google.cl/maps/search/pasaje+los+c%C3%B3ndores+1228+puerto+montt+los+lagos,2026-03-27
1D3563D8F4,Casa,Los Lagos,Puerto Montt,Pedro Allende Saron 3014,29/04/2026,2026-04-29,,$39.801.878,999.0,90,https://www.rematesinmobiliarios.cl/ficha-remate.php?id=44189,https://www.google.cl/maps/search/pedro+allende+saron+3014+puerto+montt+los+lagos,2026-03-27
F8F50DF30C,Casa,Los Lagos,Puerto Varas,Río Damas 26,29/04/2026,2026-04-29,,$21.912.946,550.0,47,https://www.rematesinmobiliarios.cl/ficha-remate.php?id=44186,https://www.google.cl/maps/search/r%C3%ADo+damas+26+puerto+varas+los+lagos,2026-03-27
CE2BD1B087,Casa,Los Lagos,Puerto Montt,Salvador Zurita 1709,29/04/2026,2026-04-29,,$34.622.455,869.0,41,https://www.rematesinmobiliarios.cl/ficha-remate.php?id=44182,https://www.google.cl/maps/search/salvador+zurita+1709+puerto+montt+los+lagos,2026-03-27
C61E67208C,Casa,Los Lagos,Puerto Montt,Playa Lechagua 6163,29/04/2026,2026-04-29,,$44.582.885,1.119.0,40,https://www.rematesinmobiliarios.cl/ficha-remate.php?id=44170,https://www.google.cl/maps/search/playa+lechagua+6163+puerto+montt+los+lagos,2026-03-27
ADDD1D0AE8,Casa,Los Lagos,Los Muermos,Pasaje Los Alerces 93,29/04/2026,2026-04-29,,$31.594.484,793.0,36,https://www.rematesinmobiliarios.cl/ficha-remate.php?id=44166,https://www.google.cl/maps/search/pasaje+los+alerces+93+los+muermos+los+lagos,2026-03-27
2C1FCA05F4,Casa,Los Lagos,Puerto Montt,Av Jorge Alessandri 980,29/04/2026,2026-04-29,,$37.690.267,946.0,107,https://www.rematesinmobiliarios.cl/ficha-remate.php?id=44165,https://www.google.cl/maps/search/av+jorge+alessandri+980+puerto+montt+los+lagos,2026-03-27
5B7B58859B,Sitio/Terreno,Los Lagos,Puyehue,Ruta 215 S%2Fn,29/04/2026,2026-04-29,,$705.198.444,17.700.0,13.000,https://www.rematesinmobiliarios.cl/ficha-remate.php?id=44270,https://www.google.cl/maps/search/ruta+215+s%2Fn+puyehue+los+lagos,2026-03-27
B3728259F6,Casa,Aysén,Coyhaique,Chile Argentina 3425,29/04/2026,2026-04-29,,$31.873.376,800.0,75,https://www.rematesinmobiliarios.cl/ficha-remate.php?id=44195,https://www.google.cl/maps/search/chile+argentina+3425+coyhaique+ays%C3%A9n,2026-03-27
6E9E7C0FC4,Casa,Magallanes,Punta Arenas,Las Américas 915,29/04/2026,2026-04-29,,$119.525.160,3.000.0,188,https://www.rematesinmobiliarios.cl/ficha-remate.php?id=44196,https://www.google.cl/maps/search/las+am%C3%A9ricas+915+punta+arenas+magallanes,2026-03-27
98E75ABADB,Departamento,Valparaíso,Valparaíso,505 Avenida Hanga Roa,06/05/2026,2026-05-06,26/03/2026,$37.115.535,931.6,,https://www.rematesinmobiliarios.cl/ficha-remate.php?id=44349,https://www.google.cl/maps/search/505+avenida+hanga+roa+valpara%C3%ADso+valpara%C3%ADso+chile,2026-03-27
0CE7F21BEB,Inmueble,Atacama,Copiapó,554 Pasaje Amanecer,12/05/2026,2026-05-12,26/03/2026,$174.446.648,4.378.5,,https://www.rematesinmobiliarios.cl/ficha-remate.php?id=44352,https://www.google.cl/maps/search/554+pasaje+amanecer+copiap%C3%B3+copiap%C3%B3+chile,2026-03-27
6AB2039ADD,Sitio/Terreno,Araucanía,Lautaro,,19/05/2026,2026-05-19,27/03/2026,$5.329.357.573,133.763.2,,https://www.rematesinmobiliarios.cl/ficha-remate.php?id=44318,,2026-03-27
70075A0A3C,Departamento,Araucanía,Pucón,915 Camino Al Volcán,23/06/2026,2026-06-23,27/03/2026,$47.096.991,1.182.1,,https://www.rematesinmobiliarios.cl/ficha-remate.php?id=44326,https://www.google.cl/maps/search/915+camino+al+volc%C3%A1n+puc%C3%B3n+araucan%C3%ADa+chile,2026-03-27
